Kernel = RBF, decision = ovo 
Fold, Training time, Testing error, Optimization time, Optimal param
1, 0.052591540646972135, 20.856, 13.555319057122688, C = 512; gamma = 8
2, 0.009919035117491148, 20.321, 12.877239213208668, C = 32; gamma = 8
3, 0.054864026606082916, 20.321, 15.187168090749765, C = 512; gamma = 8
4, 0.014449946393142454, 21.925, 17.26380230972427, C = 128; gamma = 2
