Kernel = RBF, decision = ovo 
Fold, Training time, Testing error, Optimization time, Optimal param
1, 0.003227637928830518, 26.415, 0.3454149553526804, C = 2048; gamma = 0.5
2, 0.001549576509205508, 20.37, 0.35096017016257974, C = 512; gamma = 0.5
3, 0.006252609092371131, 22.642, 0.3620787210074923, C = 32768; gamma = 0.125
4, 0.001014788370412134, 29.63, 0.3567579911550638, C = 8; gamma = 2
