Kernel = RBF, decision = ovo 
Fold, Training time, Testing error, Optimization time, Optimal param
1, 0.0008218185803343658, 16.418, 0.38581109615097375, C = 2; gamma = 0.125
2, 0.0011917581532543409, 22.059, 0.361288417594551, C = 2048; gamma = 0.001953125
3, 0.0029280014196046977, 16.418, 0.36969375500302704, C = 32768; gamma = 0.00048828125
4, 0.0012829097131543676, 13.235, 0.38284236743857036, C = 32; gamma = 0.03125
