Kernel = RBF, decision = ovo 
Fold, Training time, Testing error, Optimization time, Optimal param
1, 0.32808452270546695, 2.924, 22.802629722486017, C = 32768; gamma = 0.125
2, 0.3441456214059144, 2.924, 21.97029380377353, C = 8192; gamma = 2
3, 0.5716531256475719, 2.849, 21.88359606477752, C = 32768; gamma = 0.5
4, 0.7075479794220882, 2.778, 23.017018674923747, C = 32768; gamma = 2
