Fold, Training time, Testing error
1.0, 0.0005071517662145197, 24.599
2.0, 0.0003985456423833966, 25.134
3.0, 0.0004596365906763822, 24.599
4.0, 0.0004029092815471813, 24.064
