Fold, Training time, Testing error
1.0, 0.0003602425931603648, 37.931
2.0, 0.00036218199238646775, 34.483
3.0, 0.0003272728863521479, 37.931
4.0, 0.0003204850072506815, 34.483
