Fold, Training time, Testing error
1.0, 0.0005008487278246321, 45.283
2.0, 0.0004926062993035885, 46.296
3.0, 0.0004892123588433606, 71.698
4.0, 0.0006143033288026345, 46.296
