Fold, Training time, Testing error
1.0, 0.0003476365309325047, 26.316
2.0, 0.00044557596993399784, 25.974
3.0, 0.000348121378920041, 25.0
4.0, 0.00034327289176872, 24.675
