Fold, Training time, Testing error
1.0, 0.0003675153302538092, 5.97
2.0, 0.0004024244371976238, 22.059
3.0, 0.0003626668421929935, 14.925
4.0, 0.0003616971453084261, 14.706
