Fold, Training time, Testing error
1.0, 0.0012184248262201436, 14.254
2.0, 0.0011597581396927126, 9.649
3.0, 0.0011985460369032808, 9.058
4.0, 0.0011854551194119267, 8.699
