Fold, Training time, Testing error
1.0, 0.0009871519937405537, 19.584
2.0, 0.0009876368430923321, 20.242
3.0, 0.0010564853610048885, 20.415
4.0, 0.0010215762531515793, 20.451
