Fold, Training time, Testing error
1.0, 0.003434668331465218, 20.261
2.0, 0.002923152926086914, 20.572
3.0, 0.0035699411237146705, 19.826
4.0, 0.003328486462123692, 20.647
