Fold, Training time, Testing error
1.0, 0.0015326068041758845, 19.2
2.0, 0.0017265462920477148, 18.8
3.0, 0.0015946674429869745, 19.36
4.0, 0.0016896977904252708, 18.48
