Fold, Training time, Testing error
1.0, 0.0006521215327666141, 1.6
2.0, 0.0006264245457714424, 1.6
3.0, 0.0006555154686793685, 1.8
4.0, 0.0006860609428258613, 1.4
