Fold, Training time, Testing error
1.0, 0.003518062311798076, 91.129
2.0, 0.0008252125212493411, 89.73
3.0, 0.0008707883011993545, 90.296
4.0, 0.0009406065166785993, 81.671
